INSERT INTO Bars VALUES ('Redhook Brewlab','711 E Pine St Seattle, WA 98122','Henrique Boson');
INSERT INTO Bars VALUES ('Neumos','600 E Pine St Seattle, WA 98122','Claire Heisenberg');
INSERT INTO Bars VALUES ('Comet', '601 E Pine St Seattle, WA 98122','Spencer Higgs');
INSERT INTO Drinkers VALUES ('Spencer Ujabah', '600 University St Seattle, WA 98115','instagram influencer','Redhook Brewlab');
INSERT INTO Drinkers VALUES ('Raj Singh','555 University St Seattle, WA 98115','stand-up comedy','Comet');
INSERT INTO Drinkers VALUES ('Bear Mills','700 Peach Tree Drive Atlanta, GA 40939','eating bugs','Redhook Brewlab');
INSERT INTO Beers VALUES ('Fresh Haze','Deschuttes',8.1);
INSERT INTO Beers VALUES ('Fresh Squeezed','Deschuttes',5.9);
INSERT INTO Beers VALUES ('Bud Light', 'Anheuser-Busch',1.0);
INSERT INTO Favorites VALUES ('Spencer Ujabah', '600 University St Seattle, WA 98115','Redhook Brewlab','fall','Fresh Haze');
INSERT INTO Favorites VALUES ('Spencer Ujabah', '600 University St Seattle, WA 98115','Comet','winter','Bud Light');
INSERT INTO Favorites VALUES ('Raj Singh','555 University St Seattle, WA 98115','Neumos','spring','Bud Light');
INSERT INTO Sells VALUES ('Bud Light','Redhook Brewlab',8.00,5.0);
INSERT INTO Sells VALUES ('Fresh Haze','Redhook Brewlab',12.00,0.0);
INSERT INTO Sells VALUES ('Fresh Squeezed','Redhook Brewlab',12.00,10.0);
INSERT INTO Sells VALUES ('Bud Light','Neumos',2.99,0.0);
INSERT INTO Sells VALUES ('Bud Light','Comet',2.99,0.0);
INSERT INTO Drinks VALUES ('Spencer Ujabah', '600 University St Seattle, WA 98115','5','Fresh Haze');
INSERT INTO Drinks VALUES ('Spencer Ujabah', '600 University St Seattle, WA 98115','5','Fresh Squeezed');
INSERT INTO Drinks VALUES ('Spencer Ujabah', '600 University St Seattle, WA 98115','3','Bud Light');
INSERT INTO Drinks VALUES ('Raj Singh','555 University St Seattle, WA 98115','4','Bud Light');
INSERT INTO Drinks VALUES ('Bear Mills','700 Peach Tree Drive Atlanta, GA 40939','2','Bud Light');
